# Ejecutar este script con: mysql -u root -p < rutaDelArchivo

#CREA BASE DE DATOS

DROP DATABASE IF EXISTS VIVERO_FENIX;
CREATE DATABASE IF NOT EXISTS VIVERO_FENIX;

#ABRE BASE DE DATOS
USE VIVERO_FENIX;

drop table if exists CALLES;
drop table if exists BARRIOS;
drop table if exists LOCALIDADES;
drop table if exists PROVINCIAS;
drop table if exists TIPOS_PLANTAS;
drop table if exists CONDICIONES_IVA;
drop table if exists FORMAS_PAGO;
drop table if exists PLANTAS;
drop table if exists CLIENTES;
drop table if exists FACTURAS;
drop table if exists DETALLE_FACTURAS;

#CREACION DE TABLAS
CREATE TABLE IF NOT EXISTS CALLES( 
COD_CALLE Int, 
NOMBRE Varchar(30), 
CONSTRAINT PK_CALLES PRIMARY KEY (COD_CALLE)); 

CREATE TABLE IF NOT EXISTS BARRIOS( 
COD_BARRIO Int, 
NOMBRE Varchar(30), 
CONSTRAINT PK_BARRIOS PRIMARY KEY (COD_BARRIO)); 

CREATE TABLE IF NOT EXISTS LOCALIDADES( 
COD_LOCALIDAD Int, 
NOMBRE Varchar(30), 
CONSTRAINT PK_LOCALIDAD PRIMARY KEY (COD_LOCALIDAD)); 

CREATE TABLE IF NOT EXISTS PROVINCIAS( 
COD_PROVINCIA Int, 
NOMBRE Varchar(30), 
CONSTRAINT PK_PROVINCIAS PRIMARY KEY (COD_PROVINCIA)); 

CREATE TABLE IF NOT EXISTS TIPOS_PLANTAS( 
COD_TIPO_PLANTA Int, 
NOMBRE Varchar(30), 
CONSTRAINT PK_TPLANTAS PRIMARY KEY (COD_TIPO_PLANTA)); 

CREATE TABLE IF NOT EXISTS CONDICIONES_IVA( 
COD_CONDICION_IVA Int, 
DESCRIPCION Varchar(30), 
CONSTRAINT PK_CONDICIVA PRIMARY KEY (COD_CONDICION_IVA)); 

CREATE TABLE IF NOT EXISTS FORMAS_PAGO( 
COD_FORMA_PAGO Int, 
DESCRIPCION Varchar(30), 
CONSTRAINT PK_FORMAPAGO PRIMARY KEY (COD_FORMA_PAGO)); 

CREATE TABLE IF NOT EXISTS PLANTAS( 
COD_PLANTA Int, 
DESCRIPCION Varchar(20), 
COD_TIPO_PLANTA Int, 
PRECIO decimal(8,2), 
STOCK Int, 
CONSTRAINT PK_PLANTAS PRIMARY KEY (COD_PLANTA), 
CONSTRAINT FK_PLA_TPLA FOREIGN KEY (COD_TIPO_PLANTA) REFERENCES TIPOS_PLANTAS(COD_TIPO_PLANTA)); 

CREATE TABLE IF NOT EXISTS CLIENTES( 
COD_CLIENTE int, 
APELLIDO Varchar(30), 
NOMBRE Varchar(30), 
COD_CALLE int, 
ALTURA Int, 
COD_BARRIO Int, 
COD_LOCALIDAD Int, 
COD_PROVINCIA Int, 
TELEFONO numeric, 
COD_CONDICION_IVA Int, 
CUIT numeric, 
DEUDOR Varchar(1), 
EMAIL varchar(75),
CONSTRAINT PK_CLIENTE PRIMARY KEY (COD_CLIENTE), 
CONSTRAINT FK_CLI_CAL FOREIGN KEY (COD_CALLE) REFERENCES CALLES(COD_CALLE), 
CONSTRAINT FK_CLI_BAR FOREIGN KEY (COD_BARRIO) REFERENCES BARRIOS(COD_BARRIO), 
CONSTRAINT FK_CLI_LOC FOREIGN KEY (COD_LOCALIDAD) REFERENCES LOCALIDADES(COD_LOCALIDAD), 
CONSTRAINT FK_CLI_PRO FOREIGN KEY (COD_PROVINCIA) REFERENCES PROVINCIAS(COD_PROVINCIA), 
CONSTRAINT FK_CLI_IVA FOREIGN KEY (COD_CONDICION_IVA) REFERENCES CONDICIONES_IVA(COD_CONDICION_IVA)); 

CREATE TABLE IF NOT EXISTS FACTURAS 
(NRO_FACTURA Int, 
FECHA DATE, 
COD_FORMA_PAGO INT, 
COD_CLIENTE Int, 
CONSTRAINT PK_FACTURAS PRIMARY KEY (NRO_FACTURA), 
CONSTRAINT FK_FAC_CLI FOREIGN KEY (COD_CLIENTE) REFERENCES CLIENTES(COD_CLIENTE), 
CONSTRAINT FK_FAC_FORPAG FOREIGN KEY (COD_FORMA_PAGO) REFERENCES FORMAS_PAGO(COD_FORMA_PAGO)); 

CREATE TABLE IF NOT EXISTS DETALLES_FACTURAS 
(COD_DETALLE Int, 
COD_PLANTA Int, 
CANTIDAD Int, 
NRO_FACTURA Int, 
CONSTRAINT PK_DETFACT PRIMARY KEY (COD_DETALLE), 
CONSTRAINT FK_DETFAC_PLA FOREIGN KEY (COD_PLANTA) REFERENCES PLANTAS(COD_PLANTA), 
CONSTRAINT FK_DETFAC_FAC FOREIGN KEY (NRO_FACTURA) REFERENCES FACTURAS(NRO_FACTURA)); 

#ALTAS A REGISTROS
INSERT INTO CALLES(COD_CALLE, NOMBRE) VALUES (1,'BERLIN'); 
INSERT INTO CALLES(COD_CALLE, NOMBRE) VALUES (2,'BERMEJO'); 
#CALLES
INSERT INTO CALLES(COD_CALLE, NOMBRE) VALUES (3,'BERMUDAS'); 
INSERT INTO CALLES(COD_CALLE, NOMBRE) VALUES (4,'BERNA'); 
INSERT INTO CALLES(COD_CALLE, NOMBRE) VALUES (5,'BERNARDEZ'); 
INSERT INTO CALLES(COD_CALLE, NOMBRE) VALUES (6,'BERNARDEZ FRANCISCO'); 
INSERT INTO CALLES(COD_CALLE, NOMBRE) VALUES (7,'BERNARDINO'); 
INSERT INTO CALLES(COD_CALLE, NOMBRE) VALUES (8,'BERNASCONI'); 
INSERT INTO CALLES(COD_CALLE, NOMBRE) VALUES (9,'BERNIS ALBERTO'); 
INSERT INTO CALLES(COD_CALLE, NOMBRE) VALUES (10,'BEROLO'); 
INSERT INTO CALLES(COD_CALLE, NOMBRE) VALUES (11,'BERRO ADOLFO'); 
INSERT INTO CALLES(COD_CALLE, NOMBRE) VALUES (12,'CAYUQUEO'); 
INSERT INTO CALLES(COD_CALLE, NOMBRE) VALUES (13,'CAZON HIGINIO'); 
INSERT INTO CALLES(COD_CALLE, NOMBRE) VALUES (14,'CAÑADA DE GOMEZ'); 
INSERT INTO CALLES(COD_CALLE, NOMBRE) VALUES (15,'CAÑADA DE LUQUE'); 
INSERT INTO CALLES(COD_CALLE, NOMBRE) VALUES (16,'CAÑUELAS'); 
INSERT INTO CALLES(COD_CALLE, NOMBRE) VALUES (17,'CEBALLOS'); 
INSERT INTO CALLES(COD_CALLE, NOMBRE) VALUES (18,'CEBALLOS JOSE'); 
INSERT INTO CALLES(COD_CALLE, NOMBRE) VALUES (19,'CEBALLOS JULIO'); 
INSERT INTO CALLES(COD_CALLE, NOMBRE) VALUES (20,'CEBALLOS MARIANO PIO'); 
INSERT INTO CALLES(COD_CALLE, NOMBRE) VALUES (21,'CEBALLOS OBISPO'); 
INSERT INTO CALLES(COD_CALLE, NOMBRE) VALUES (22,'CECHI PEDRO'); 
INSERT INTO CALLES(COD_CALLE, NOMBRE) VALUES (23,'CEDRO'); 
INSERT INTO CALLES(COD_CALLE, NOMBRE) VALUES (24,'CEIBO'); 
INSERT INTO CALLES(COD_CALLE, NOMBRE) VALUES (25,'FERREYRA EDUARDO'); 
INSERT INTO CALLES(COD_CALLE, NOMBRE) VALUES (26,'FERREYRA MARTIN'); 
INSERT INTO CALLES(COD_CALLE, NOMBRE) VALUES (27,'FERREYRA MONS'); 
INSERT INTO CALLES(COD_CALLE, NOMBRE) VALUES (28,'FERREYRA ROQUE'); 
INSERT INTO CALLES(COD_CALLE, NOMBRE) VALUES (29,'FERROVIARIOS'); 
INSERT INTO CALLES(COD_CALLE, NOMBRE) VALUES (30,'FIAMBALA'); 
INSERT INTO CALLES(COD_CALLE, NOMBRE) VALUES (31,'FIERRO JOSE MANUEL'); 
INSERT INTO CALLES(COD_CALLE, NOMBRE) VALUES (32,'FIGOLI ADOLFO'); 
INSERT INTO CALLES(COD_CALLE, NOMBRE) VALUES (33,'FIGUERO RAMON'); 
INSERT INTO CALLES(COD_CALLE, NOMBRE) VALUES (34,'FIGUEROA ALCORTA PRES JOSE'); 
INSERT INTO CALLES(COD_CALLE, NOMBRE) VALUES (35,'FIGUEROA J'); 
INSERT INTO CALLES(COD_CALLE, NOMBRE) VALUES (36,'GILARDI GILARDO'); 
INSERT INTO CALLES(COD_CALLE, NOMBRE) VALUES (37,'GIMENEZ DE LORCA'); 
INSERT INTO CALLES(COD_CALLE, NOMBRE) VALUES (38,'GIMENEZ JOSE P'); 
INSERT INTO CALLES(COD_CALLE, NOMBRE) VALUES (39,'GIMENEZ PASTOR'); 
INSERT INTO CALLES(COD_CALLE, NOMBRE) VALUES (40,'GINEBRA'); 
INSERT INTO CALLES(COD_CALLE, NOMBRE) VALUES (41,'GIRALDES PABLO'); 
INSERT INTO CALLES(COD_CALLE, NOMBRE) VALUES (42,'GIRONDO OLIVERIO'); 
INSERT INTO CALLES(COD_CALLE, NOMBRE) VALUES (43,'ISASI ISASMENDI D'); 
INSERT INTO CALLES(COD_CALLE, NOMBRE) VALUES (44,'ISASI JUAN B DE'); 
INSERT INTO CALLES(COD_CALLE, NOMBRE) VALUES (45,'ISASMENDI NICOLAS DE'); 
INSERT INTO CALLES(COD_CALLE, NOMBRE) VALUES (46,'ISCHILIN'); 
INSERT INTO CALLES(COD_CALLE, NOMBRE) VALUES (47,'ISEAS JOSE'); 
INSERT INTO CALLES(COD_CALLE, NOMBRE) VALUES (48,'LANQUES'); 
INSERT INTO CALLES(COD_CALLE, NOMBRE) VALUES (49,'LANZA JOSE MIGUEL'); 
INSERT INTO CALLES(COD_CALLE, NOMBRE) VALUES (50,'LAPACHO'); 
INSERT INTO CALLES(COD_CALLE, NOMBRE) VALUES (51,'LAPLACE PEDRO S'); 
INSERT INTO CALLES(COD_CALLE, NOMBRE) VALUES (52,'LAPRIDA FRANCISCO NARCISO DE'); 
INSERT INTO CALLES(COD_CALLE, NOMBRE) VALUES (53,'LARAN'); 
INSERT INTO CALLES(COD_CALLE, NOMBRE) VALUES (54,'LARGUIA JONAS'); 
INSERT INTO CALLES(COD_CALLE, NOMBRE) VALUES (55,'LARIZ Y DEZA'); 
INSERT INTO CALLES(COD_CALLE, NOMBRE) VALUES (56,'MALDONADO CBO 1RO JOSE'); 
INSERT INTO CALLES(COD_CALLE, NOMBRE) VALUES (57,'MALDONADO EDUARDO P'); 
INSERT INTO CALLES(COD_CALLE, NOMBRE) VALUES (58,'MALDONADO OBISPO'); 
INSERT INTO CALLES(COD_CALLE, NOMBRE) VALUES (59,'MALDONADO PRINCIPAL'); 
INSERT INTO CALLES(COD_CALLE, NOMBRE) VALUES (60,'MALDONADO SALVADOR'); 
INSERT INTO CALLES(COD_CALLE, NOMBRE) VALUES (61,'MALHARRO MARTIN'); 
INSERT INTO CALLES(COD_CALLE, NOMBRE) VALUES (62,'MALLIN'); 
INSERT INTO CALLES(COD_CALLE, NOMBRE) VALUES (63,'MALOCA'); 
INSERT INTO CALLES(COD_CALLE, NOMBRE) VALUES (64,'MALQUERRU'); 
INSERT INTO CALLES(COD_CALLE, NOMBRE) VALUES (65,'MALVAR Y PINTO'); 
INSERT INTO CALLES(COD_CALLE, NOMBRE) VALUES (66,'MILAN'); 
INSERT INTO CALLES(COD_CALLE, NOMBRE) VALUES (67,'MILANESIO PADRE DOMINGO'); 
INSERT INTO CALLES(COD_CALLE, NOMBRE) VALUES (68,'MILLAN DOMINGO'); 
INSERT INTO CALLES(COD_CALLE, NOMBRE) VALUES (69,'MILLANCO'); 
INSERT INTO CALLES(COD_CALLE, NOMBRE) VALUES (70,'MILLER GUILLERMO'); 
INSERT INTO CALLES(COD_CALLE, NOMBRE) VALUES (71,'MILLIKAN'); 
INSERT INTO CALLES(COD_CALLE, NOMBRE) VALUES (72,'MINA CLAVERO'); 
INSERT INTO CALLES(COD_CALLE, NOMBRE) VALUES (73,'MINERVA'); 
INSERT INTO CALLES(COD_CALLE, NOMBRE) VALUES (74,'MINISTALALO'); 
INSERT INTO CALLES(COD_CALLE, NOMBRE) VALUES (75,'MINOT JORGE'); 
INSERT INTO CALLES(COD_CALLE, NOMBRE) VALUES (76,'MINUZZI'); 
INSERT INTO CALLES(COD_CALLE, NOMBRE) VALUES (77,'MIQUELON'); 
INSERT INTO CALLES(COD_CALLE, NOMBRE) VALUES (78,'MIRA AVIADOR'); 
INSERT INTO CALLES(COD_CALLE, NOMBRE) VALUES (79,'PALESTINA'); 
INSERT INTO CALLES(COD_CALLE, NOMBRE) VALUES (80,'PALL MALL'); 
INSERT INTO CALLES(COD_CALLE, NOMBRE) VALUES (81,'PALMA RICARDO'); 
INSERT INTO CALLES(COD_CALLE, NOMBRE) VALUES (82,'PALPA'); 
INSERT INTO CALLES(COD_CALLE, NOMBRE) VALUES (83,'PALPALA'); 
INSERT INTO CALLES(COD_CALLE, NOMBRE) VALUES (84,'PAMPAS'); 
INSERT INTO CALLES(COD_CALLE, NOMBRE) VALUES (85,'PAMPAYASTA'); 
INSERT INTO CALLES(COD_CALLE, NOMBRE) VALUES (86,'PAN DE AZUCAR'); 
INSERT INTO CALLES(COD_CALLE, NOMBRE) VALUES (87,'PANAHOLMA'); 
INSERT INTO CALLES(COD_CALLE, NOMBRE) VALUES (88,'PANAMA'); 
INSERT INTO CALLES(COD_CALLE, NOMBRE) VALUES (89,'PANIZA HECTOR'); 
INSERT INTO CALLES(COD_CALLE, NOMBRE) VALUES (90,'PARAGUAY'); 
INSERT INTO CALLES(COD_CALLE, NOMBRE) VALUES (91,'PRIMOLI'); 
INSERT INTO CALLES(COD_CALLE, NOMBRE) VALUES (92,'PRINGLES CNEL JUAN PASCUAL'); 
INSERT INTO CALLES(COD_CALLE, NOMBRE) VALUES (93,'PRODAN'); 
INSERT INTO CALLES(COD_CALLE, NOMBRE) VALUES (94,'PROGRESO'); 
INSERT INTO CALLES(COD_CALLE, NOMBRE) VALUES (95,'PRONSATO DOMINGO'); 
INSERT INTO CALLES(COD_CALLE, NOMBRE) VALUES (96,'PROVINCIAS UNIDAS'); 
INSERT INTO CALLES(COD_CALLE, NOMBRE) VALUES (97,'PROVINCIAS VASCONGADAS'); 
INSERT INTO CALLES(COD_CALLE, NOMBRE) VALUES (98,'PRUDAN JUAN A'); 
INSERT INTO CALLES(COD_CALLE, NOMBRE) VALUES (99,'PRUNEDA MANUEL A'); 
INSERT INTO CALLES(COD_CALLE, NOMBRE) VALUES (100,'PUBLICA'); 
INSERT INTO CALLES(COD_CALLE, NOMBRE) VALUES (101,'PUBLICO'); 
INSERT INTO CALLES(COD_CALLE, NOMBRE) VALUES (102,'PUCH DIONISIO DE'); 
INSERT INTO CALLES(COD_CALLE, NOMBRE) VALUES (103,'PUELCHES'); 
INSERT INTO CALLES(COD_CALLE, NOMBRE) VALUES (104,'PUENTE DEL INCA'); 
INSERT INTO CALLES(COD_CALLE, NOMBRE) VALUES (105,'PUERTO ARGENTINO'); 
INSERT INTO CALLES(COD_CALLE, NOMBRE) VALUES (106,'PUERTO DE PALOS'); 
INSERT INTO CALLES(COD_CALLE, NOMBRE) VALUES (107,'PUERTO LIMON'); 
INSERT INTO CALLES(COD_CALLE, NOMBRE) VALUES (108,'PUERTO MADRYN'); 
INSERT INTO CALLES(COD_CALLE, NOMBRE) VALUES (109,'PUERTO PRINCIPE'); 
INSERT INTO CALLES(COD_CALLE, NOMBRE) VALUES (110,'PUERTO RICO'); 
INSERT INTO CALLES(COD_CALLE, NOMBRE) VALUES (111,'PUERTO SOLEDAD'); 
INSERT INTO CALLES(COD_CALLE, NOMBRE) VALUES (112,'PUESTO MARQUES'); 
INSERT INTO CALLES(COD_CALLE, NOMBRE) VALUES (113,'PUEYRREDON'); 
INSERT INTO CALLES(COD_CALLE, NOMBRE) VALUES (114,'PUGIO Y BENZA'); 
INSERT INTO CALLES(COD_CALLE, NOMBRE) VALUES (115,'PUJATO'); 
INSERT INTO CALLES(COD_CALLE, NOMBRE) VALUES (116,'PULLALEF'); 
INSERT INTO CALLES(COD_CALLE, NOMBRE) VALUES (117,'PUNILLA'); 
INSERT INTO CALLES(COD_CALLE, NOMBRE) VALUES (118,'PUNTA ARENAS'); 
INSERT INTO CALLES(COD_CALLE, NOMBRE) VALUES (119,'PUNTA DEL AGUA'); 
INSERT INTO CALLES(COD_CALLE, NOMBRE) VALUES (120,'PUNTA DEL ESTE'); 
INSERT INTO CALLES(COD_CALLE, NOMBRE) VALUES (121,'PUNTA DEL SAUCE'); 
INSERT INTO CALLES(COD_CALLE, NOMBRE) VALUES (122,'PUNTA LARA'); 
INSERT INTO CALLES(COD_CALLE, NOMBRE) VALUES (123,'QUEBEC'); 
INSERT INTO CALLES(COD_CALLE, NOMBRE) VALUES (124,'QUEBRACHO HERRADO'); 
INSERT INTO CALLES(COD_CALLE, NOMBRE) VALUES (125,'QUENTREL'); 
INSERT INTO CALLES(COD_CALLE, NOMBRE) VALUES (126,'QUEPU'); 
INSERT INTO CALLES(COD_CALLE, NOMBRE) VALUES (127,'QUERANDIES'); 
INSERT INTO CALLES(COD_CALLE, NOMBRE) VALUES (128,'QUETZALTENANGO'); 
INSERT INTO CALLES(COD_CALLE, NOMBRE) VALUES (129,'QUEVEDO'); 
INSERT INTO CALLES(COD_CALLE, NOMBRE) VALUES (130,'QUEVEDO FRANCISCO DE'); 
INSERT INTO CALLES(COD_CALLE, NOMBRE) VALUES (131,'QUEVEDO GASPAR DE'); 
INSERT INTO CALLES(COD_CALLE, NOMBRE) VALUES (132,'QUEVEDO JOSE DE'); 
INSERT INTO CALLES(COD_CALLE, NOMBRE) VALUES (133,'QUIJANO VELAZCO'); 
INSERT INTO CALLES(COD_CALLE, NOMBRE) VALUES (134,'QUILAMBE'); 
INSERT INTO CALLES(COD_CALLE, NOMBRE) VALUES (135,'QUILCA'); 
INSERT INTO CALLES(COD_CALLE, NOMBRE) VALUES (136,'QUILINO'); 
INSERT INTO CALLES(COD_CALLE, NOMBRE) VALUES (137,'QUILLOAMIRA'); 
INSERT INTO CALLES(COD_CALLE, NOMBRE) VALUES (138,'QUILLOVI'); 
INSERT INTO CALLES(COD_CALLE, NOMBRE) VALUES (139,'QUILMES'); 
INSERT INTO CALLES(COD_CALLE, NOMBRE) VALUES (140,'QUINCHAN'); 
INSERT INTO CALLES(COD_CALLE, NOMBRE) VALUES (141,'QUINQUELA MARTIN NORTE  BENITO'); 
INSERT INTO CALLES(COD_CALLE, NOMBRE) VALUES (142,'QUINTA DE HORMAECHE'); 
INSERT INTO CALLES(COD_CALLE, NOMBRE) VALUES (143,'QUINTA DE LOS CREMADER'); 
INSERT INTO CALLES(COD_CALLE, NOMBRE) VALUES (144,'QUINTA DE LOS GALARRETAS'); 
INSERT INTO CALLES(COD_CALLE, NOMBRE) VALUES (145,'QUINTA VA MANUELA'); 
INSERT INTO CALLES(COD_CALLE, NOMBRE) VALUES (146,'QUINTANA MANUEL'); 
INSERT INTO CALLES(COD_CALLE, NOMBRE) VALUES (147,'RAMIREZ GRAL FRANCISCO'); 
INSERT INTO CALLES(COD_CALLE, NOMBRE) VALUES (148,'RAMIREZ VELAZCO MARTIN'); 
INSERT INTO CALLES(COD_CALLE, NOMBRE) VALUES (149,'RAMON Y CAJAL'); 
INSERT INTO CALLES(COD_CALLE, NOMBRE) VALUES (150,'RAMOS MARTIN'); 
INSERT INTO CALLES(COD_CALLE, NOMBRE) VALUES (151,'RAMOS MEJIA'); 
INSERT INTO CALLES(COD_CALLE, NOMBRE) VALUES (152,'RANCAGUA'); 
INSERT INTO CALLES(COD_CALLE, NOMBRE) VALUES (153,'RANQUEL'); 
INSERT INTO CALLES(COD_CALLE, NOMBRE) VALUES (154,'RAPELA DR DIEGO'); 
INSERT INTO CALLES(COD_CALLE, NOMBRE) VALUES (155,'RASERO'); 
INSERT INTO CALLES(COD_CALLE, NOMBRE) VALUES (156,'RATTI RAMALLO'); 
INSERT INTO CALLES(COD_CALLE, NOMBRE) VALUES (157,'RAUCH FEDERICO'); 
INSERT INTO CALLES(COD_CALLE, NOMBRE) VALUES (158,'RAVIGNANI EMILIO'); 
INSERT INTO CALLES(COD_CALLE, NOMBRE) VALUES (159,'RAWSON'); 
INSERT INTO CALLES(COD_CALLE, NOMBRE) VALUES (160,'RAYO CORTADO'); 
INSERT INTO CALLES(COD_CALLE, NOMBRE) VALUES (161,'REAL DE AZUA'); 
INSERT INTO CALLES(COD_CALLE, NOMBRE) VALUES (162,'REALICO'); 
INSERT INTO CALLES(COD_CALLE, NOMBRE) VALUES (163,'RECALDE FRANCISCO DE'); 
INSERT INTO CALLES(COD_CALLE, NOMBRE) VALUES (164,'RECONQUISTA'); 
INSERT INTO CALLES(COD_CALLE, NOMBRE) VALUES (165,'REVOLUCION DE MAYO'); 
INSERT INTO CALLES(COD_CALLE, NOMBRE) VALUES (166,'REY DEL BOSQUE'); 
INSERT INTO CALLES(COD_CALLE, NOMBRE) VALUES (167,'REYNA GUILLERMO'); 
INSERT INTO CALLES(COD_CALLE, NOMBRE) VALUES (168,'REYNA MANUEL'); 
INSERT INTO CALLES(COD_CALLE, NOMBRE) VALUES (169,'REYNAFE JOSE VICENTE'); 
INSERT INTO CALLES(COD_CALLE, NOMBRE) VALUES (170,'REYNOSO ALONSO DE'); 
INSERT INTO CALLES(COD_CALLE, NOMBRE) VALUES (171,'REYPATRON'); 
INSERT INTO CALLES(COD_CALLE, NOMBRE) VALUES (172,'RIACHUELO'); 
INSERT INTO CALLES(COD_CALLE, NOMBRE) VALUES (173,'RIBEIRO'); 
INSERT INTO CALLES(COD_CALLE, NOMBRE) VALUES (174,'RIBEREÑA'); 
INSERT INTO CALLES(COD_CALLE, NOMBRE) VALUES (175,'RICARDE J'); 
INSERT INTO CALLES(COD_CALLE, NOMBRE) VALUES (176,'RICCHIERI'); 
INSERT INTO CALLES(COD_CALLE, NOMBRE) VALUES (177,'RICHARDS TEODORO'); 

#BARRIOS
INSERT INTO BARRIOS(COD_BARRIO, NOMBRE) VALUES (1,'CENTRO'); 
INSERT INTO BARRIOS(COD_BARRIO, NOMBRE) VALUES (2,'ALTO ALBERDI'); 
INSERT INTO BARRIOS(COD_BARRIO, NOMBRE) VALUES (3,'OBSERVATORIO'); 
INSERT INTO BARRIOS(COD_BARRIO, NOMBRE) VALUES (4,'JARDIN'); 
INSERT INTO BARRIOS(COD_BARRIO, NOMBRE) VALUES (5,'GENERAL PAZ'); 
INSERT INTO BARRIOS(COD_BARRIO, NOMBRE) VALUES (6,'PUEYRREDON'); 
INSERT INTO BARRIOS(COD_BARRIO, NOMBRE) VALUES (7,'PARQUE HORIZONTE'); 
INSERT INTO BARRIOS(COD_BARRIO, NOMBRE) VALUES (8,'SAN MARTIN'); 
INSERT INTO BARRIOS(COD_BARRIO, NOMBRE) VALUES (9,'SAN VICENTE'); 
INSERT INTO BARRIOS(COD_BARRIO, NOMBRE) VALUES (10,'JUNIOR'); 
INSERT INTO BARRIOS(COD_BARRIO, NOMBRE) VALUES (11,'MAIPU'); 
INSERT INTO BARRIOS(COD_BARRIO, NOMBRE) VALUES (12,'PANAMERICANO'); 

#LOCALIDADES
INSERT INTO LOCALIDADES (COD_LOCALIDAD, NOMBRE) VALUES(1,'CORDOBA'); 
INSERT INTO LOCALIDADES (COD_LOCALIDAD, NOMBRE) VALUES(2,'CARLOS PAZ'); 
INSERT INTO LOCALIDADES (COD_LOCALIDAD, NOMBRE) VALUES(3,'ADELIA MARIA'); 
INSERT INTO LOCALIDADES (COD_LOCALIDAD, NOMBRE) VALUES(4,'ALTA GRACIA'); 
INSERT INTO LOCALIDADES (COD_LOCALIDAD, NOMBRE) VALUES(5,'AGUA DE ORO'); 
INSERT INTO LOCALIDADES (COD_LOCALIDAD, NOMBRE) VALUES(6,'AGUA DEL TALA'); 
INSERT INTO LOCALIDADES (COD_LOCALIDAD, NOMBRE) VALUES(7,'AGUA PINTADA'); 
INSERT INTO LOCALIDADES (COD_LOCALIDAD, NOMBRE) VALUES(8,'ALEJANDRO ROCA'); 
INSERT INTO LOCALIDADES (COD_LOCALIDAD, NOMBRE) VALUES(9,'ARIAS'); 
INSERT INTO LOCALIDADES (COD_LOCALIDAD, NOMBRE) VALUES(10,'ARROYO CABRAL'); 
INSERT INTO LOCALIDADES (COD_LOCALIDAD, NOMBRE) VALUES(11,'ARROYO LA HIGUERA'); 
INSERT INTO LOCALIDADES (COD_LOCALIDAD, NOMBRE) VALUES(12,'ASCOCHINGA'); 
INSERT INTO LOCALIDADES (COD_LOCALIDAD, NOMBRE) VALUES(13,'BAJO DE FERNANDEZ'); 
INSERT INTO LOCALIDADES (COD_LOCALIDAD, NOMBRE) VALUES(14,'BAJO DEL CARMEN'); 
INSERT INTO LOCALIDADES (COD_LOCALIDAD, NOMBRE) VALUES(15,'BAJO GRANDE'); 
INSERT INTO LOCALIDADES (COD_LOCALIDAD, NOMBRE) VALUES(16,'BAJO HONDO'); 
INSERT INTO LOCALIDADES (COD_LOCALIDAD, NOMBRE) VALUES(17,'BAJO LINDO'); 
INSERT INTO LOCALIDADES (COD_LOCALIDAD, NOMBRE) VALUES(18,'BARRIO DEAN FUNES'); 
INSERT INTO LOCALIDADES (COD_LOCALIDAD, NOMBRE) VALUES(19,'BARRIO LA FERIA'); 
INSERT INTO LOCALIDADES (COD_LOCALIDAD, NOMBRE) VALUES(20,'BO FLORES GUARNICION AEREA'); 
INSERT INTO LOCALIDADES (COD_LOCALIDAD, NOMBRE) VALUES(21,'CAJON DEL RIO'); 
INSERT INTO LOCALIDADES (COD_LOCALIDAD, NOMBRE) VALUES(22,'CALASUYA'); 
INSERT INTO LOCALIDADES (COD_LOCALIDAD, NOMBRE) VALUES(23,'CAMPO BANDILLO'); 
INSERT INTO LOCALIDADES (COD_LOCALIDAD, NOMBRE) VALUES(24,'CAMPO LOS ZORROS'); 
INSERT INTO LOCALIDADES (COD_LOCALIDAD, NOMBRE) VALUES(25,'CANDELARIA SUR'); 
INSERT INTO LOCALIDADES (COD_LOCALIDAD, NOMBRE) VALUES(26,'CAPILLA DE SITON'); 
INSERT INTO LOCALIDADES (COD_LOCALIDAD, NOMBRE) VALUES(27,'CAPILLA LA ESPERANZA'); 
INSERT INTO LOCALIDADES (COD_LOCALIDAD, NOMBRE) VALUES(28,'CASAS VEJAS'); 
INSERT INTO LOCALIDADES (COD_LOCALIDAD, NOMBRE) VALUES(29,'CASEROS ESTE'); 
INSERT INTO LOCALIDADES (COD_LOCALIDAD, NOMBRE) VALUES(30,'CAÑADA DE CUEVAS'); 
INSERT INTO LOCALIDADES (COD_LOCALIDAD, NOMBRE) VALUES(31,'CAÑADA DEL TALA'); 
INSERT INTO LOCALIDADES (COD_LOCALIDAD, NOMBRE) VALUES(32,'CAÑADA VERDE'); 
INSERT INTO LOCALIDADES (COD_LOCALIDAD, NOMBRE) VALUES(33,'CERRO PELADO'); 
INSERT INTO LOCALIDADES (COD_LOCALIDAD, NOMBRE) VALUES(34,'CHARACATO'); 
INSERT INTO LOCALIDADES (COD_LOCALIDAD, NOMBRE) VALUES(35,'CHAÑARIACO'); 
INSERT INTO LOCALIDADES (COD_LOCALIDAD, NOMBRE) VALUES(36,'CHIPITIN'); 
INSERT INTO LOCALIDADES (COD_LOCALIDAD, NOMBRE) VALUES(37,'CHUA'); 
INSERT INTO LOCALIDADES (COD_LOCALIDAD, NOMBRE) VALUES(38,'CHURQUI CAÑADA'); 
INSERT INTO LOCALIDADES (COD_LOCALIDAD, NOMBRE) VALUES(39,'COLAZO'); 

#PROVINCIAS
INSERT INTO PROVINCIAS (COD_PROVINCIA, NOMBRE) VALUES(2,'BUENOS AIRES'); 
INSERT INTO PROVINCIAS (COD_PROVINCIA, NOMBRE) VALUES(3,'CATAMARCA'); 
INSERT INTO PROVINCIAS (COD_PROVINCIA, NOMBRE) VALUES(4,'CHACO'); 
INSERT INTO PROVINCIAS (COD_PROVINCIA, NOMBRE) VALUES(5,'CHUBUT'); 
INSERT INTO PROVINCIAS (COD_PROVINCIA, NOMBRE) VALUES(1,'CORDOBA'); 
INSERT INTO PROVINCIAS (COD_PROVINCIA, NOMBRE) VALUES(7,'CORRIENTES'); 
INSERT INTO PROVINCIAS (COD_PROVINCIA, NOMBRE) VALUES(8,'ENTRE RIOS'); 
INSERT INTO PROVINCIAS (COD_PROVINCIA, NOMBRE) VALUES(9,'FORMOSA'); 
INSERT INTO PROVINCIAS (COD_PROVINCIA, NOMBRE) VALUES(6,'JUJUY'); 
INSERT INTO PROVINCIAS (COD_PROVINCIA, NOMBRE) VALUES(10,'LA PAMPA'); 
INSERT INTO PROVINCIAS (COD_PROVINCIA, NOMBRE) VALUES(11,'LA RIOJA'); 
INSERT INTO PROVINCIAS (COD_PROVINCIA, NOMBRE) VALUES(12,'MENDOZA'); 
INSERT INTO PROVINCIAS (COD_PROVINCIA, NOMBRE) VALUES(13,'MISIONES'); 
INSERT INTO PROVINCIAS (COD_PROVINCIA, NOMBRE) VALUES(14,'NEUQUEN'); 
INSERT INTO PROVINCIAS (COD_PROVINCIA, NOMBRE) VALUES(15,'RIO NEGRO'); 
INSERT INTO PROVINCIAS (COD_PROVINCIA, NOMBRE) VALUES(16,'SALTA'); 
INSERT INTO PROVINCIAS (COD_PROVINCIA, NOMBRE) VALUES(17,'SAN JUAN'); 
INSERT INTO PROVINCIAS (COD_PROVINCIA, NOMBRE) VALUES(18,'SAN LUIS'); 
INSERT INTO PROVINCIAS (COD_PROVINCIA, NOMBRE) VALUES(19,'SANTA CRUZ'); 
INSERT INTO PROVINCIAS (COD_PROVINCIA, NOMBRE) VALUES(20,'SANTA FE'); 
INSERT INTO PROVINCIAS (COD_PROVINCIA, NOMBRE) VALUES(21,'SANTIAGO DEL ESTERO'); 
INSERT INTO PROVINCIAS (COD_PROVINCIA, NOMBRE) VALUES(22,'TIERRA DEL FUEGO'); 
INSERT INTO PROVINCIAS (COD_PROVINCIA, NOMBRE) VALUES(23,'TUCUMAN'); 

#CONDICIONES_IVA
INSERT INTO CONDICIONES_IVA (COD_CONDICION_IVA, DESCRIPCION) VALUES(1,'RESPONSABLE INSCRIPTO'); 
INSERT INTO CONDICIONES_IVA (COD_CONDICION_IVA, DESCRIPCION) VALUES(2,'RESPONSABLE NO INSCRIPTO'); 
INSERT INTO CONDICIONES_IVA (COD_CONDICION_IVA, DESCRIPCION) VALUES(3,'MONOTRIBUTISTA'); 
INSERT INTO CONDICIONES_IVA (COD_CONDICION_IVA, DESCRIPCION) VALUES(4,'CONSUMIDOR FINAL'); 
INSERT INTO CONDICIONES_IVA (COD_CONDICION_IVA, DESCRIPCION) VALUES(5,'EXCENTO'); 

#FORMAS_PAGO
INSERT INTO FORMAS_PAGO (COD_FORMA_PAGO, DESCRIPCION) VALUES(1,'EFECTIVO'); 
INSERT INTO FORMAS_PAGO (COD_FORMA_PAGO, DESCRIPCION) VALUES(2,'CON CHEQUE'); 
INSERT INTO FORMAS_PAGO (COD_FORMA_PAGO, DESCRIPCION) VALUES(3,'TARJETA CREDITO'); 
INSERT INTO FORMAS_PAGO (COD_FORMA_PAGO, DESCRIPCION) VALUES(4,'TARJETA DEBITO'); 
INSERT INTO FORMAS_PAGO (COD_FORMA_PAGO, DESCRIPCION) VALUES(5,'CUENTA CORRIENTE');

#TIPOS_PLANTAS
INSERT INTO TIPOS_PLANTAS(COD_TIPO_PLANTA, NOMBRE) VALUES(1,'COMUNES'); 
INSERT INTO TIPOS_PLANTAS(COD_TIPO_PLANTA, NOMBRE) VALUES(2,'ESPECIALES'); 
INSERT INTO TIPOS_PLANTAS(COD_TIPO_PLANTA, NOMBRE) VALUES(3,'EXOTICAS'); 
INSERT INTO TIPOS_PLANTAS(COD_TIPO_PLANTA, NOMBRE) VALUES(4,'ARBUSTOS'); 
INSERT INTO TIPOS_PLANTAS(COD_TIPO_PLANTA, NOMBRE) VALUES(5,'FLORES'); 
INSERT INTO TIPOS_PLANTAS(COD_TIPO_PLANTA, NOMBRE) VALUES(6,'ARBOLES'); 

#PLANTAS
INSERT INTO PLANTAS (COD_PLANTA,DESCRIPCION,COD_TIPO_PLANTA, PRECIO, STOCK) VALUES (1, 'TULIPAN', 3,53.60,45); 
INSERT INTO PLANTAS (COD_PLANTA,DESCRIPCION,COD_TIPO_PLANTA, PRECIO, STOCK) VALUES (2, 'PINO', 6,99.00,5); 
INSERT INTO PLANTAS (COD_PLANTA,DESCRIPCION,COD_TIPO_PLANTA, PRECIO, STOCK) VALUES (3, 'ROSA CHINA', 5,84.00,30); 
INSERT INTO PLANTAS (COD_PLANTA,DESCRIPCION,COD_TIPO_PLANTA, PRECIO, STOCK) VALUES (4, 'MARGARITA', 5,31.20,150); 
INSERT INTO PLANTAS (COD_PLANTA,DESCRIPCION,COD_TIPO_PLANTA, PRECIO, STOCK) VALUES (5, 'CLAVEL', 5,22.00,120); 
INSERT INTO PLANTAS (COD_PLANTA,DESCRIPCION,COD_TIPO_PLANTA, PRECIO, STOCK) VALUES (6, 'ROSA', 5,84.50,25); 
INSERT INTO PLANTAS (COD_PLANTA,DESCRIPCION,COD_TIPO_PLANTA, PRECIO, STOCK) VALUES (7, 'PALMERA', 3,100.60,10); 
INSERT INTO PLANTAS (COD_PLANTA,DESCRIPCION,COD_TIPO_PLANTA, PRECIO, STOCK) VALUES (8, 'PENSAMIENTO', 5,18.80,60); 
INSERT INTO PLANTAS (COD_PLANTA,DESCRIPCION,COD_TIPO_PLANTA, PRECIO, STOCK) VALUES (9, 'CLAVELINA', 1,15.50,54); 
INSERT INTO PLANTAS (COD_PLANTA,DESCRIPCION,COD_TIPO_PLANTA, PRECIO, STOCK) VALUES (10, 'ALEGRÑA', 1,26.75,21); 
INSERT INTO PLANTAS (COD_PLANTA,DESCRIPCION,COD_TIPO_PLANTA, PRECIO, STOCK) VALUES (11, 'SIEMPREVERDE', 6,56.75,21); 
INSERT INTO PLANTAS (COD_PLANTA,DESCRIPCION,COD_TIPO_PLANTA, PRECIO, STOCK) VALUES (12, 'JACARANDÑ', 6,76.75,21);
INSERT INTO PLANTAS (COD_PLANTA,DESCRIPCION,COD_TIPO_PLANTA, PRECIO, STOCK) VALUES (13, 'ESPINILLO', 6,107.75,21);
INSERT INTO PLANTAS (COD_PLANTA,DESCRIPCION,COD_TIPO_PLANTA, PRECIO, STOCK) VALUES (14, 'SAUSE', 6,106.00,21); 
INSERT INTO PLANTAS (COD_PLANTA,DESCRIPCION,COD_TIPO_PLANTA, PRECIO, STOCK) VALUES (15, 'LAPACHO', 6,98.00,21);


#CLIENTES
INSERT INTO CLIENTES (COD_CLIENTE, APELLIDO, NOMBRE, COD_CALLE, ALTURA, COD_BARRIO, COD_LOCALIDAD, COD_PROVINCIA, TELEFONO, COD_CONDICION_IVA, CUIT, DEUDOR,EMAIL) VALUES (1, 'ALONSO','CLAUDIO',  10, 155, 4,1, 1,3514940502,1, 125412554, 'S',NULL); 
INSERT INTO CLIENTES (COD_CLIENTE, APELLIDO, NOMBRE, COD_CALLE, ALTURA, COD_BARRIO, COD_LOCALIDAD, COD_PROVINCIA, TELEFONO, COD_CONDICION_IVA, CUIT, DEUDOR,EMAIL) VALUES (2, 'ALVAREZ','MARCELO', 55, 12,  10,3, 1,354654258,2, 251255441, 'N','calvarez@yahoo.com.ar'); 
INSERT INTO CLIENTES (COD_CLIENTE, APELLIDO, NOMBRE, COD_CALLE, ALTURA, COD_BARRIO, COD_LOCALIDAD, COD_PROVINCIA, TELEFONO, COD_CONDICION_IVA, CUIT, DEUDOR,EMAIL) VALUES (3, 'ALVAREZ','CRISTINA',98, 126, 1,1, 1,3514632514,3, 258422554, 'N',NULL); 
INSERT INTO CLIENTES (COD_CLIENTE, APELLIDO, NOMBRE, COD_CALLE, ALTURA, COD_BARRIO, COD_LOCALIDAD, COD_PROVINCIA, TELEFONO, COD_CONDICION_IVA, CUIT, DEUDOR,EMAIL) VALUES (4, 'ALVAREZ','CLAUDIO', 101, 58, 5,3, 2,NULL,4, 254871120, 'N',NULL); 
INSERT INTO CLIENTES (COD_CLIENTE, APELLIDO, NOMBRE, COD_CALLE, ALTURA, COD_BARRIO, COD_LOCALIDAD, COD_PROVINCIA, TELEFONO, COD_CONDICION_IVA, CUIT, DEUDOR,EMAIL) VALUES (5, 'CAMPOS','RAUL',     125, 45, 8,1, 2,3514587452,5, 254871128, 'S','cduran@gmail.com'); 
INSERT INTO CLIENTES (COD_CLIENTE, APELLIDO, NOMBRE, COD_CALLE, ALTURA, COD_BARRIO, COD_LOCALIDAD, COD_PROVINCIA, TELEFONO, COD_CONDICION_IVA, CUIT, DEUDOR,EMAIL) VALUES (6, 'DURAN','CARLA',     39, 1125,6,1, 1,3514587458,1, 127637988, 'N',NULL); 
INSERT INTO CLIENTES (COD_CLIENTE, APELLIDO, NOMBRE, COD_CALLE, ALTURA, COD_BARRIO, COD_LOCALIDAD, COD_PROVINCIA, TELEFONO, COD_CONDICION_IVA, CUIT, DEUDOR,EMAIL) VALUES (7, 'PEREZ','MARIA',     62, 879, 10,1, 9,351564377,4, 554676587, 'N',NULL); 
INSERT INTO CLIENTES (COD_CLIENTE, APELLIDO, NOMBRE, COD_CALLE, ALTURA, COD_BARRIO, COD_LOCALIDAD, COD_PROVINCIA, TELEFONO, COD_CONDICION_IVA, CUIT, DEUDOR,EMAIL) VALUES (8, 'ZAMORA','CARLOS LUIS',63, 945,7,1, 7,3544412552,4, 900872123, 'S',NULL); 
INSERT INTO CLIENTES (COD_CLIENTE, APELLIDO, NOMBRE, COD_CALLE, ALTURA, COD_BARRIO, COD_LOCALIDAD, COD_PROVINCIA, TELEFONO, COD_CONDICION_IVA, CUIT, DEUDOR,EMAIL) VALUES (9, 'PEREZ','ANA',       65, 180, 10,1, 4,NULL,4, 921134381, 'S','soyo95@hotmail.com'); 
INSERT INTO CLIENTES (COD_CLIENTE, APELLIDO, NOMBRE, COD_CALLE, ALTURA, COD_BARRIO, COD_LOCALIDAD, COD_PROVINCIA, TELEFONO, COD_CONDICION_IVA, CUIT, DEUDOR,EMAIL) VALUES (10, 'PEREA','LUIS M.',  66, 983,  8,1, 3,NULL,1, 293435633, 'N',NULL); 
INSERT INTO CLIENTES (COD_CLIENTE, APELLIDO, NOMBRE, COD_CALLE, ALTURA, COD_BARRIO, COD_LOCALIDAD, COD_PROVINCIA, TELEFONO, COD_CONDICION_IVA, CUIT, DEUDOR,EMAIL) VALUES (11, 'PONCE','CARMELO',  77, 1543, 3,1, 2,3544411748,3, 299546120, 'N',NULL); 
INSERT INTO CLIENTES (COD_CLIENTE, APELLIDO, NOMBRE, COD_CALLE, ALTURA, COD_BARRIO, COD_LOCALIDAD, COD_PROVINCIA, TELEFONO, COD_CONDICION_IVA, CUIT, DEUDOR,EMAIL) VALUES (12, 'GALES','JULIA',   100, 569,  2,1, 1,3544419675,4, 214422552, 'N',NULL); 
INSERT INTO CLIENTES (COD_CLIENTE, APELLIDO, NOMBRE, COD_CALLE, ALTURA, COD_BARRIO, COD_LOCALIDAD, COD_PROVINCIA, TELEFONO, COD_CONDICION_IVA, CUIT, DEUDOR,EMAIL) VALUES (13, 'SUAREZ','PAOLA',   35, 958,  1,1, 1,NULL,4, 214422552, 'N','paolas123@yahoo.com'); 
INSERT INTO CLIENTES (COD_CLIENTE, APELLIDO, NOMBRE, COD_CALLE, ALTURA, COD_BARRIO, COD_LOCALIDAD, COD_PROVINCIA, TELEFONO, COD_CONDICION_IVA, CUIT, DEUDOR,EMAIL) VALUES (14, 'MARANINI','JOSE',  18, 5069, 12,1, 1,3544410989,4, 214422552, 'N','jmaranini@arnet.com.ar'); 
INSERT INTO CLIENTES (COD_CLIENTE, APELLIDO, NOMBRE, COD_CALLE, ALTURA, COD_BARRIO, COD_LOCALIDAD, COD_PROVINCIA, TELEFONO, COD_CONDICION_IVA, CUIT, DEUDOR,EMAIL) VALUES (15, 'FONCECA','BERTA',  59, 1569, 2,1, 1,3544412552,4, 214422552, 'N',NULL); 

#FACTURAS,,,,,,,,
insert into FACTURAS(nro_factura,fecha,cod_forma_pago,cod_cliente) values (1,'2007-04-02',1,3); 
insert into FACTURAS(nro_factura,fecha,cod_forma_pago,cod_cliente) values (2,'2007-05-12',1,1); 
insert into FACTURAS(nro_factura,fecha,cod_forma_pago,cod_cliente) values (3,'2007-08-12',1,4); 
insert into FACTURAS(nro_factura,fecha,cod_forma_pago,cod_cliente) values (4,'2007-09-11',3,2); 
insert into FACTURAS(nro_factura,fecha,cod_forma_pago,cod_cliente) values (5,'2007-09-06',1,6); 
insert into FACTURAS(nro_factura,fecha,cod_forma_pago,cod_cliente) values (6,'2007-10-12',2,5); 
insert into FACTURAS(nro_factura,fecha,cod_forma_pago,cod_cliente) values (7,'2007-11-08',1,7); 
insert into FACTURAS(nro_factura,fecha,cod_forma_pago,cod_cliente) values (8,'2008-01-01',1,8); 
insert into FACTURAS(nro_factura,fecha,cod_forma_pago,cod_cliente) values (9,'2008-02-11',4,2); 
insert into FACTURAS(nro_factura,fecha,cod_forma_pago,cod_cliente) values (10,'2008-03-10',3,9); 
insert into FACTURAS(nro_factura,fecha,cod_forma_pago,cod_cliente) values (11,'2008-04-06',1,11); 
insert into FACTURAS(nro_factura,fecha,cod_forma_pago,cod_cliente) values (12,'2008-05-09',5,10); 
insert into FACTURAS(nro_factura,fecha,cod_forma_pago,cod_cliente) values (13,'2008-06-05',1,12); 

#2009 ,,,',',,
insert into FACTURAS(nro_factura,fecha,cod_forma_pago,cod_cliente) values (14,'2009-01-03',1,1); 
insert into FACTURAS(nro_factura,fecha,cod_forma_pago,cod_cliente) values (15,'2009-01-05',1,2); 
insert into FACTURAS(nro_factura,fecha,cod_forma_pago,cod_cliente) values (16,'2009-03-15',1,9); 
insert into FACTURAS(nro_factura,fecha,cod_forma_pago,cod_cliente) values (17,'2009-03-25',1,8); 
insert into FACTURAS(nro_factura,fecha,cod_forma_pago,cod_cliente) values (18,'2009-04-01',4,3); 
insert into FACTURAS(nro_factura,fecha,cod_forma_pago,cod_cliente) values (19,'2009-04-01',4,4); 
insert into FACTURAS(nro_factura,fecha,cod_forma_pago,cod_cliente) values (20,'2009-04-02',4,10); 
insert into FACTURAS(nro_factura,fecha,cod_forma_pago,cod_cliente) values (21,'2009-04-02',1,5); 
insert into FACTURAS(nro_factura,fecha,cod_forma_pago,cod_cliente) values (22,'2009-05-03',1,12); 
insert into FACTURAS(nro_factura,fecha,cod_forma_pago,cod_cliente) values (23,'2009-06-07',1,11); 
insert into FACTURAS(nro_factura,fecha,cod_forma_pago,cod_cliente) values (24,'2009-07-08',4,1); 
insert into FACTURAS(nro_factura,fecha,cod_forma_pago,cod_cliente) values (25,'2009-08-11',2,5); 
insert into FACTURAS(nro_factura,fecha,cod_forma_pago,cod_cliente) values (26,'2009-08-12',4,2); 
insert into FACTURAS(nro_factura,fecha,cod_forma_pago,cod_cliente) values (27,'2009-09-13',1,6); 
insert into FACTURAS(nro_factura,fecha,cod_forma_pago,cod_cliente) values (28,'2009-10-21',4,7); 
insert into FACTURAS(nro_factura,fecha,cod_forma_pago,cod_cliente) values (29,'2009-11-24',2,3); 

#2010,,,',',,
insert into FACTURAS(nro_factura,fecha,cod_forma_pago,cod_cliente) values (30,'2010-05-16',1,1); 
insert into FACTURAS(nro_factura,fecha,cod_forma_pago,cod_cliente) values (31,'2010-07-12',1,4); 
insert into FACTURAS(nro_factura,fecha,cod_forma_pago,cod_cliente) values (32,'2010-11-11',3,3); 

#2011,,,',',,
insert into FACTURAS(nro_factura,fecha,cod_forma_pago,cod_cliente) values (33,'2011-01-12',1,4); 
insert into FACTURAS(nro_factura,fecha,cod_forma_pago,cod_cliente) values (34,'2011-02-11',2,2); 
insert into FACTURAS(nro_factura,fecha,cod_forma_pago,cod_cliente) values (35,'2011-02-16',1,6); 
insert into FACTURAS(nro_factura,fecha,cod_forma_pago,cod_cliente) values (36,'2011-03-12',4,5); 
insert into FACTURAS(nro_factura,fecha,cod_forma_pago,cod_cliente) values (37,'2011-03-18',1,3); 
insert into FACTURAS(nro_factura,fecha,cod_forma_pago,cod_cliente) values (38,'2011-03-31',1,5); 
insert into FACTURAS(nro_factura,fecha,cod_forma_pago,cod_cliente) values (39,'2011-04-11',5,7); 
insert into FACTURAS(nro_factura,fecha,cod_forma_pago,cod_cliente) values (40,'2011-04-12',1,1); 
insert into FACTURAS(nro_factura,fecha,cod_forma_pago,cod_cliente) values (41,'2011-05-12',1,8); 
insert into FACTURAS(nro_factura,fecha,cod_forma_pago,cod_cliente) values (42,'2011-05-12',4,12); 
insert into FACTURAS(nro_factura,fecha,cod_forma_pago,cod_cliente) values (43,'2011-06-22',1,9); 
insert into FACTURAS(nro_factura,fecha,cod_forma_pago,cod_cliente) values (44,'2011-07-11',2,4);
insert into FACTURAS(nro_factura,fecha,cod_forma_pago,cod_cliente) values (45,'2011-08-06',1,10); 
insert into FACTURAS(nro_factura,fecha,cod_forma_pago,cod_cliente) values (46,'2011-09-12',3,5); 
insert into FACTURAS(nro_factura,fecha,cod_forma_pago,cod_cliente) values (47,'2011-10-08',1,6); 
insert into FACTURAS(nro_factura,fecha,cod_forma_pago,cod_cliente) values (48,'2011-11-01',1,1); 
insert into FACTURAS(nro_factura,fecha,cod_forma_pago,cod_cliente) values (49,'2011-12-11',3,2); 
insert into FACTURAS(nro_factura,fecha,cod_forma_pago,cod_cliente) values (50,'2011-12-15',5,4); 

#2012,,,',',,
insert into FACTURAS(nro_factura,fecha,cod_forma_pago,cod_cliente) values (51,'2012-02-12',1,1); 
insert into FACTURAS(nro_factura,fecha,cod_forma_pago,cod_cliente) values (52,'2012-03-12',1,10); 
insert into FACTURAS(nro_factura,fecha,cod_forma_pago,cod_cliente) values (53,'2012-03-12',1,5); 
insert into FACTURAS(nro_factura,fecha,cod_forma_pago,cod_cliente) values (54,'2012-03-11',3,4); 
insert into FACTURAS(nro_factura,fecha,cod_forma_pago,cod_cliente) values (55,'2012-03-22',1,6); 
insert into FACTURAS(nro_factura,fecha,cod_forma_pago,cod_cliente) values (56,'2012-03-24',4,7); 
insert into FACTURAS(nro_factura,fecha,cod_forma_pago,cod_cliente) values (57,'2012-04-08',1,6); 
insert into FACTURAS(nro_factura,fecha,cod_forma_pago,cod_cliente) values (58,'2012-04-21',1,5); 
insert into FACTURAS(nro_factura,fecha,cod_forma_pago,cod_cliente) values (59,'2012-04-21',2,1); 
insert into FACTURAS(nro_factura,fecha,cod_forma_pago,cod_cliente) values (60,'2012-04-21',3,2); 
insert into FACTURAS(nro_factura,fecha,cod_forma_pago,cod_cliente) values (61,'2012-05-12',1,4); 
insert into FACTURAS(nro_factura,fecha,cod_forma_pago,cod_cliente) values (62,'2012-05-11',2,2); 
insert into FACTURAS(nro_factura,fecha,cod_forma_pago,cod_cliente) values (63,'2012-05-16',1,6); 
insert into FACTURAS(nro_factura,fecha,cod_forma_pago,cod_cliente) values (64,'2012-06-12',4,5); 
insert into FACTURAS(nro_factura,fecha,cod_forma_pago,cod_cliente) values (65,'2012-06-18',1,3); 
insert into FACTURAS(nro_factura,fecha,cod_forma_pago,cod_cliente) values (66,'2012-06-30',1,5); 
insert into FACTURAS(nro_factura,fecha,cod_forma_pago,cod_cliente) values (67,'2012-07-11',5,7); 
insert into FACTURAS(nro_factura,fecha,cod_forma_pago,cod_cliente) values (68,'2012-07-12',1,1); 
insert into FACTURAS(nro_factura,fecha,cod_forma_pago,cod_cliente) values (69,'2012-07-12',1,8); 
insert into FACTURAS(nro_factura,fecha,cod_forma_pago,cod_cliente) values (70,'2012-07-12',4,12); 
insert into FACTURAS(nro_factura,fecha,cod_forma_pago,cod_cliente) values (71,'2012-07-22',1,9); 
insert into FACTURAS(nro_factura,fecha,cod_forma_pago,cod_cliente) values (72,'2012-08-11',2,4);
insert into FACTURAS(nro_factura,fecha,cod_forma_pago,cod_cliente) values (73,'2012-09-06',1,10); 
insert into FACTURAS(nro_factura,fecha,cod_forma_pago,cod_cliente) values (74,'2012-09-12',3,5); 
insert into FACTURAS(nro_factura,fecha,cod_forma_pago,cod_cliente) values (75,'2012-10-08',1,6); 
insert into FACTURAS(nro_factura,fecha,cod_forma_pago,cod_cliente) values (76,'2012-11-01',1,1); 
insert into FACTURAS(nro_factura,fecha,cod_forma_pago,cod_cliente) values (77,'2012-12-11',3,2); 
insert into FACTURAS(nro_factura,fecha,cod_forma_pago,cod_cliente) values (78,'2012-12-15',5,4); 

#2013,,,',',,
insert into FACTURAS(nro_factura,fecha,cod_forma_pago,cod_cliente) values (79,'2013-02-12',1,1); 
insert into FACTURAS(nro_factura,fecha,cod_forma_pago,cod_cliente) values (80,'2013-03-12',1,10); 
insert into FACTURAS(nro_factura,fecha,cod_forma_pago,cod_cliente) values (81,'2013-03-12',1,5); 
insert into FACTURAS(nro_factura,fecha,cod_forma_pago,cod_cliente) values (82,'2013-03-11',3,4); 
insert into FACTURAS(nro_factura,fecha,cod_forma_pago,cod_cliente) values (83,'2012-03-22',1,6); 
insert into FACTURAS(nro_factura,fecha,cod_forma_pago,cod_cliente) values (84,'2013-03-24',4,7); 
insert into FACTURAS(nro_factura,fecha,cod_forma_pago,cod_cliente) values (85,'2013-04-08',1,6); 
insert into FACTURAS(nro_factura,fecha,cod_forma_pago,cod_cliente) values (86,'2013-04-21',1,5); 
insert into FACTURAS(nro_factura,fecha,cod_forma_pago,cod_cliente) values (87,'2013-04-21',2,1); 
insert into FACTURAS(nro_factura,fecha,cod_forma_pago,cod_cliente) values (88,'2013-04-21',3,2); 
insert into FACTURAS(nro_factura,fecha,cod_forma_pago,cod_cliente) values (89,'2013-05-12',1,4); 
insert into FACTURAS(nro_factura,fecha,cod_forma_pago,cod_cliente) values (90,'2013-05-11',2,2); 
insert into FACTURAS(nro_factura,fecha,cod_forma_pago,cod_cliente) values (91,'2013-05-16',1,6); 
insert into FACTURAS(nro_factura,fecha,cod_forma_pago,cod_cliente) values (92,'2013-06-12',4,5); 
insert into FACTURAS(nro_factura,fecha,cod_forma_pago,cod_cliente) values (93,'2013-06-18',1,3); 
insert into FACTURAS(nro_factura,fecha,cod_forma_pago,cod_cliente) values (94,'2013-06-22',1,5); 
insert into FACTURAS(nro_factura,fecha,cod_forma_pago,cod_cliente) values (95,'2013-07-11',5,7); 
insert into FACTURAS(nro_factura,fecha,cod_forma_pago,cod_cliente) values (96,'2013-07-12',1,1); 
insert into FACTURAS(nro_factura,fecha,cod_forma_pago,cod_cliente) values (97,'2013-07-12',1,8); 
insert into FACTURAS(nro_factura,fecha,cod_forma_pago,cod_cliente) values (98,'2013-07-12',4,12); 
insert into FACTURAS(nro_factura,fecha,cod_forma_pago,cod_cliente) values (99,'2013-07-24',1,9); 
insert into FACTURAS(nro_factura,fecha,cod_forma_pago,cod_cliente) values (100,'2013-08-11',2,4);
insert into FACTURAS(nro_factura,fecha,cod_forma_pago,cod_cliente) values (101,'2013-09-10',1,10); 
insert into FACTURAS(nro_factura,fecha,cod_forma_pago,cod_cliente) values (102,'2013-09-18',3,5); 
insert into FACTURAS(nro_factura,fecha,cod_forma_pago,cod_cliente) values (103,'2013-10-08',1,6); 
insert into FACTURAS(nro_factura,fecha,cod_forma_pago,cod_cliente) values (104,'2013-11-01',1,1); 
insert into FACTURAS(nro_factura,fecha,cod_forma_pago,cod_cliente) values (105,'2013-12-15',3,2); 
insert into FACTURAS(nro_factura,fecha,cod_forma_pago,cod_cliente) values (106,'2013-12-20',5,4); 

#2014,,,',',,
insert into FACTURAS(nro_factura,fecha,cod_forma_pago,cod_cliente) values (107,'2014-02-12',1,1); 
insert into FACTURAS(nro_factura,fecha,cod_forma_pago,cod_cliente) values (108,'2014-03-12',1,10); 
insert into FACTURAS(nro_factura,fecha,cod_forma_pago,cod_cliente) values (109,'2014-03-12',1,5); 
insert into FACTURAS(nro_factura,fecha,cod_forma_pago,cod_cliente) values (110,'2014-03-11',3,4); 
insert into FACTURAS(nro_factura,fecha,cod_forma_pago,cod_cliente) values (111,'2014-03-22',1,6); 
insert into FACTURAS(nro_factura,fecha,cod_forma_pago,cod_cliente) values (112,'2014-03-24',4,7); 
insert into FACTURAS(nro_factura,fecha,cod_forma_pago,cod_cliente) values (113,'2014-04-08',1,8); 
insert into FACTURAS(nro_factura,fecha,cod_forma_pago,cod_cliente) values (114,'2014-04-16',1,7); 
insert into FACTURAS(nro_factura,fecha,cod_forma_pago,cod_cliente) values (115,'2014-04-16',2,11); 
insert into FACTURAS(nro_factura,fecha,cod_forma_pago,cod_cliente) values (116,'2014-04-22',3,2); 
insert into FACTURAS(nro_factura,fecha,cod_forma_pago,cod_cliente) values (117,'2014-05-17',1,1); 
insert into FACTURAS(nro_factura,fecha,cod_forma_pago,cod_cliente) values (118,'2014-06-12',1,10); 
insert into FACTURAS(nro_factura,fecha,cod_forma_pago,cod_cliente) values (119,'2014-07-19',1,10); 
insert into FACTURAS(nro_factura,fecha,cod_forma_pago,cod_cliente) values (120,'2014-08-11',3,14); 
insert into FACTURAS(nro_factura,fecha,cod_forma_pago,cod_cliente) values (121,'2014-08-20',1,9); 
insert into FACTURAS(nro_factura,fecha,cod_forma_pago,cod_cliente) values (122,'2014-09-24',4,7); 
insert into FACTURAS(nro_factura,fecha,cod_forma_pago,cod_cliente) values (123,'2014-10-02',3,15); 
insert into FACTURAS(nro_factura,fecha,cod_forma_pago,cod_cliente) values (124,'2014-10-06',1,5); 
insert into FACTURAS(nro_factura,fecha,cod_forma_pago,cod_cliente) values (125,'2014-11-23',2,11); 
insert into FACTURAS(nro_factura,fecha,cod_forma_pago,cod_cliente) values (126,'2014-12-22',3,12); 

#2015,,,',',,
insert into FACTURAS(nro_factura,fecha,cod_forma_pago,cod_cliente) values (127,'2015-02-02',2,4); 
insert into FACTURAS(nro_factura,fecha,cod_forma_pago,cod_cliente) values (128,'2015-03-01',1,1); 
insert into FACTURAS(nro_factura,fecha,cod_forma_pago,cod_cliente) values (129,'2015-03-16',1,15); 
insert into FACTURAS(nro_factura,fecha,cod_forma_pago,cod_cliente) values (130,'2015-03-19',3,2); 
insert into FACTURAS(nro_factura,fecha,cod_forma_pago,cod_cliente) values (131,'2015-03-25',1,3); 
insert into FACTURAS(nro_factura,fecha,cod_forma_pago,cod_cliente) values (132,'2015-03-27',4,1); 
insert into FACTURAS(nro_factura,fecha,cod_forma_pago,cod_cliente) values (133,'2015-04-04',1,5); 
insert into FACTURAS(nro_factura,fecha,cod_forma_pago,cod_cliente) values (134,'2015-04-20',1,4); 
insert into FACTURAS(nro_factura,fecha,cod_forma_pago,cod_cliente) values (135,'2015-04-25',2,11); 
insert into FACTURAS(nro_factura,fecha,cod_forma_pago,cod_cliente) values (136,'2015-04-28',4,12); 

insert into DETALLES_FACTURAS(COD_DETALLE, NRO_FACTURA, COD_PLANTA, CANTIDAD) values (1,2,2,2);
insert into DETALLES_FACTURAS(COD_DETALLE, NRO_FACTURA, COD_PLANTA, CANTIDAD) values (2,3,5,4);
insert into DETALLES_FACTURAS(COD_DETALLE, NRO_FACTURA, COD_PLANTA, CANTIDAD) values (3,3,4,5); 
insert into DETALLES_FACTURAS(COD_DETALLE, NRO_FACTURA, COD_PLANTA, CANTIDAD) values (4,5,1,7); 
insert into DETALLES_FACTURAS(COD_DETALLE, NRO_FACTURA, COD_PLANTA, CANTIDAD) values (5,7,1,8);
insert into DETALLES_FACTURAS(COD_DETALLE, NRO_FACTURA, COD_PLANTA, CANTIDAD) values (6,2,1,7); 
insert into DETALLES_FACTURAS(COD_DETALLE, NRO_FACTURA, COD_PLANTA, CANTIDAD) values (7,4,3,7); 
insert into DETALLES_FACTURAS(COD_DETALLE, NRO_FACTURA, COD_PLANTA, CANTIDAD) values (8,6,2,7); 
insert into DETALLES_FACTURAS(COD_DETALLE, NRO_FACTURA, COD_PLANTA, CANTIDAD) values (9,8,6,6); 
insert into DETALLES_FACTURAS(COD_DETALLE, NRO_FACTURA, COD_PLANTA, CANTIDAD) values (10,6,3,7); 
insert into DETALLES_FACTURAS(COD_DETALLE, NRO_FACTURA, COD_PLANTA, CANTIDAD) values (11,12,1,5); 
insert into DETALLES_FACTURAS(COD_DETALLE, NRO_FACTURA, COD_PLANTA, CANTIDAD) values (12,13,4,5);
insert into DETALLES_FACTURAS(COD_DETALLE, NRO_FACTURA, COD_PLANTA, CANTIDAD) values (13,14,4,1); 
insert into DETALLES_FACTURAS(COD_DETALLE, NRO_FACTURA, COD_PLANTA, CANTIDAD) values (14,14,2,2); 
insert into DETALLES_FACTURAS(COD_DETALLE, NRO_FACTURA, COD_PLANTA, CANTIDAD) values (15,14,3,1); 
insert into DETALLES_FACTURAS(COD_DETALLE, NRO_FACTURA, COD_PLANTA, CANTIDAD) values (16,15,5,2); 
insert into DETALLES_FACTURAS(COD_DETALLE, NRO_FACTURA, COD_PLANTA, CANTIDAD) values (17,15,7,2); 
insert into DETALLES_FACTURAS(COD_DETALLE, NRO_FACTURA, COD_PLANTA, CANTIDAD) values (18,16,8,3); 
insert into DETALLES_FACTURAS(COD_DETALLE, NRO_FACTURA, COD_PLANTA, CANTIDAD) values (19,17,7,1); 
insert into DETALLES_FACTURAS(COD_DETALLE, NRO_FACTURA, COD_PLANTA, CANTIDAD) values (20,17,1,2); 
insert into DETALLES_FACTURAS(COD_DETALLE, NRO_FACTURA, COD_PLANTA, CANTIDAD) values (21,18,2,1); 
insert into DETALLES_FACTURAS(COD_DETALLE, NRO_FACTURA, COD_PLANTA, CANTIDAD) values (22,18,3,2); 
insert into DETALLES_FACTURAS(COD_DETALLE, NRO_FACTURA, COD_PLANTA, CANTIDAD) values (23,19,8,5); 
insert into DETALLES_FACTURAS(COD_DETALLE, NRO_FACTURA, COD_PLANTA, CANTIDAD) values (24,20,1,6); 
insert into DETALLES_FACTURAS(COD_DETALLE, NRO_FACTURA, COD_PLANTA, CANTIDAD) values (25,21,2,7); 
insert into DETALLES_FACTURAS(COD_DETALLE, NRO_FACTURA, COD_PLANTA, CANTIDAD) values (26,22,3,10); 
insert into DETALLES_FACTURAS(COD_DETALLE, NRO_FACTURA, COD_PLANTA, CANTIDAD) values (27,22,4,10);
insert into DETALLES_FACTURAS(COD_DETALLE, NRO_FACTURA, COD_PLANTA, CANTIDAD) values (28,23,3,10); 
insert into DETALLES_FACTURAS(COD_DETALLE, NRO_FACTURA, COD_PLANTA, CANTIDAD) values (29,23,1,10); 
insert into DETALLES_FACTURAS(COD_DETALLE, NRO_FACTURA, COD_PLANTA, CANTIDAD) values (30,23,2,10); 
insert into DETALLES_FACTURAS(COD_DETALLE, NRO_FACTURA, COD_PLANTA, CANTIDAD) values (31,24,7,10); 
insert into DETALLES_FACTURAS(COD_DETALLE, NRO_FACTURA, COD_PLANTA, CANTIDAD) values (32,24,6,10); 
insert into DETALLES_FACTURAS(COD_DETALLE, NRO_FACTURA, COD_PLANTA, CANTIDAD) values (33,25,1,10); 
insert into DETALLES_FACTURAS(COD_DETALLE, NRO_FACTURA, COD_PLANTA, CANTIDAD) values (34,26,2,10); 
insert into DETALLES_FACTURAS(COD_DETALLE, NRO_FACTURA, COD_PLANTA, CANTIDAD) values (35,26,3,10); 
insert into DETALLES_FACTURAS(COD_DETALLE, NRO_FACTURA, COD_PLANTA, CANTIDAD) values (36,26,4,10); 
insert into DETALLES_FACTURAS(COD_DETALLE, NRO_FACTURA, COD_PLANTA, CANTIDAD) values (37,27,6,10); 
insert into DETALLES_FACTURAS(COD_DETALLE, NRO_FACTURA, COD_PLANTA, CANTIDAD) values (38,27,5,10); 
insert into DETALLES_FACTURAS(COD_DETALLE, NRO_FACTURA, COD_PLANTA, CANTIDAD) values (39,28,5,10); 
insert into DETALLES_FACTURAS(COD_DETALLE, NRO_FACTURA, COD_PLANTA, CANTIDAD) values (40,29,3,10); 
insert into DETALLES_FACTURAS(COD_DETALLE, NRO_FACTURA, COD_PLANTA, CANTIDAD) values (41,30,5,4);
insert into DETALLES_FACTURAS(COD_DETALLE, NRO_FACTURA, COD_PLANTA, CANTIDAD) values (42,31,4,5); 
insert into DETALLES_FACTURAS(COD_DETALLE, NRO_FACTURA, COD_PLANTA, CANTIDAD) values (43,31,12,7); 
insert into DETALLES_FACTURAS(COD_DETALLE, NRO_FACTURA, COD_PLANTA, CANTIDAD) values (44,31,10,8); 
insert into DETALLES_FACTURAS(COD_DETALLE, NRO_FACTURA, COD_PLANTA, CANTIDAD) values (45,32,1,7); 
insert into DETALLES_FACTURAS(COD_DETALLE, NRO_FACTURA, COD_PLANTA, CANTIDAD) values (46,32,2,1); 
insert into DETALLES_FACTURAS(COD_DETALLE, NRO_FACTURA, COD_PLANTA, CANTIDAD) values (48,34,4,5);
insert into DETALLES_FACTURAS(COD_DETALLE, NRO_FACTURA, COD_PLANTA, CANTIDAD) values (49,34,1,3);
insert into DETALLES_FACTURAS(COD_DETALLE, NRO_FACTURA, COD_PLANTA, CANTIDAD) values (50,35,12,8); 
insert into DETALLES_FACTURAS(COD_DETALLE, NRO_FACTURA, COD_PLANTA, CANTIDAD) values (51,35,11,7); 
insert into DETALLES_FACTURAS(COD_DETALLE, NRO_FACTURA, COD_PLANTA, CANTIDAD) values (52,35,9,1); 
Insert into DETALLES_FACTURAS(COD_DETALLE, NRO_FACTURA, COD_PLANTA, CANTIDAD) values (53,35,2,7); 
insert into DETALLES_FACTURAS(COD_DETALLE, NRO_FACTURA, COD_PLANTA, CANTIDAD) values (54,36,10,8); 
insert into DETALLES_FACTURAS(COD_DETALLE, NRO_FACTURA, COD_PLANTA, CANTIDAD) values (55,37,1,3);
insert into DETALLES_FACTURAS(COD_DETALLE, NRO_FACTURA, COD_PLANTA, CANTIDAD) values (56,38,2,1);
insert into DETALLES_FACTURAS(COD_DETALLE, NRO_FACTURA, COD_PLANTA, CANTIDAD) values (57,38,5,4);
insert into DETALLES_FACTURAS(COD_DETALLE, NRO_FACTURA, COD_PLANTA, CANTIDAD) values (58,38,4,5);
insert into DETALLES_FACTURAS(COD_DETALLE, NRO_FACTURA, COD_PLANTA, CANTIDAD) values (59,38,12,3);
insert into DETALLES_FACTURAS(COD_DETALLE, NRO_FACTURA, COD_PLANTA, CANTIDAD) values (60,39,10,8);
insert into DETALLES_FACTURAS(COD_DETALLE, NRO_FACTURA, COD_PLANTA, CANTIDAD) values (61,40,5,4);
insert into DETALLES_FACTURAS(COD_DETALLE, NRO_FACTURA, COD_PLANTA, CANTIDAD) values (62,41,4,5);
insert into DETALLES_FACTURAS(COD_DETALLE, NRO_FACTURA, COD_PLANTA, CANTIDAD) values (63,41,12,7);
insert into DETALLES_FACTURAS(COD_DETALLE, NRO_FACTURA, COD_PLANTA, CANTIDAD) values (64,41,10,2);
insert into DETALLES_FACTURAS(COD_DETALLE, NRO_FACTURA, COD_PLANTA, CANTIDAD) values (65,42,1,7);
insert into DETALLES_FACTURAS(COD_DETALLE, NRO_FACTURA, COD_PLANTA, CANTIDAD) values (66,42,2,1);
insert into DETALLES_FACTURAS(COD_DETALLE, NRO_FACTURA, COD_PLANTA, CANTIDAD) values (67,43,10,1);
insert into DETALLES_FACTURAS(COD_DETALLE, NRO_FACTURA, COD_PLANTA, CANTIDAD) values (68,44,5,4);
insert into DETALLES_FACTURAS(COD_DETALLE, NRO_FACTURA, COD_PLANTA, CANTIDAD) values (69,45,4,1);
insert into DETALLES_FACTURAS(COD_DETALLE, NRO_FACTURA, COD_PLANTA, CANTIDAD) values (70,46,4,2);
insert into DETALLES_FACTURAS(COD_DETALLE, NRO_FACTURA, COD_PLANTA, CANTIDAD) values (71,47,8,1);
insert into DETALLES_FACTURAS(COD_DETALLE, NRO_FACTURA, COD_PLANTA, CANTIDAD) values (72,48,4,2);
insert into DETALLES_FACTURAS(COD_DETALLE, NRO_FACTURA, COD_PLANTA, CANTIDAD) values (73,49,5,5);
insert into DETALLES_FACTURAS(COD_DETALLE, NRO_FACTURA, COD_PLANTA, CANTIDAD) values (74,50,6,1);
insert into DETALLES_FACTURAS(COD_DETALLE, NRO_FACTURA, COD_PLANTA, CANTIDAD) values (75,50,4,5);
insert into DETALLES_FACTURAS(COD_DETALLE, NRO_FACTURA, COD_PLANTA, CANTIDAD) values (76,51,4,5);
insert into DETALLES_FACTURAS(COD_DETALLE, NRO_FACTURA, COD_PLANTA, CANTIDAD) values (77,51,10,7);
insert into DETALLES_FACTURAS(COD_DETALLE, NRO_FACTURA, COD_PLANTA, CANTIDAD) values (78,52,11,2);
insert into DETALLES_FACTURAS(COD_DETALLE, NRO_FACTURA, COD_PLANTA, CANTIDAD) values (79,53,12,1);
insert into DETALLES_FACTURAS(COD_DETALLE, NRO_FACTURA, COD_PLANTA, CANTIDAD) values (80,54,2,1);
insert into DETALLES_FACTURAS(COD_DETALLE, NRO_FACTURA, COD_PLANTA, CANTIDAD) values (81,55,5,3);
insert into DETALLES_FACTURAS(COD_DETALLE, NRO_FACTURA, COD_PLANTA, CANTIDAD) values (82,55,4,5);
insert into DETALLES_FACTURAS(COD_DETALLE, NRO_FACTURA, COD_PLANTA, CANTIDAD) values (83,56,6,7);
insert into DETALLES_FACTURAS(COD_DETALLE, NRO_FACTURA, COD_PLANTA, CANTIDAD) values (84,56,7,3);
insert into DETALLES_FACTURAS(COD_DETALLE, NRO_FACTURA, COD_PLANTA, CANTIDAD) values (85,57,8,5);
insert into DETALLES_FACTURAS(COD_DETALLE, NRO_FACTURA, COD_PLANTA, CANTIDAD) values (86,58,9,1);
insert into DETALLES_FACTURAS(COD_DETALLE, NRO_FACTURA, COD_PLANTA, CANTIDAD) values (87,58,5,4);
insert into DETALLES_FACTURAS(COD_DETALLE, NRO_FACTURA, COD_PLANTA, CANTIDAD) values (88,58,4,5);
insert into DETALLES_FACTURAS(COD_DETALLE, NRO_FACTURA, COD_PLANTA, CANTIDAD) values (89,59,10,1);
insert into DETALLES_FACTURAS(COD_DETALLE, NRO_FACTURA, COD_PLANTA, CANTIDAD) values (90,59,1,2);
insert into DETALLES_FACTURAS(COD_DETALLE, NRO_FACTURA, COD_PLANTA, CANTIDAD) values (91,60,3,6);
insert into DETALLES_FACTURAS(COD_DETALLE, NRO_FACTURA, COD_PLANTA, CANTIDAD) values (92,60,2,1);
insert into DETALLES_FACTURAS(COD_DETALLE, NRO_FACTURA, COD_PLANTA, CANTIDAD) values (93,61,4,1);
insert into DETALLES_FACTURAS(COD_DETALLE, NRO_FACTURA, COD_PLANTA, CANTIDAD) values (94,61,2,2);
insert into DETALLES_FACTURAS(COD_DETALLE, NRO_FACTURA, COD_PLANTA, CANTIDAD) values (95,61,3,1);
insert into DETALLES_FACTURAS(COD_DETALLE, NRO_FACTURA, COD_PLANTA, CANTIDAD) values (96,62,5,2);
insert into DETALLES_FACTURAS(COD_DETALLE, NRO_FACTURA, COD_PLANTA, CANTIDAD) values (97,62,7,2);
insert into DETALLES_FACTURAS(COD_DETALLE, NRO_FACTURA, COD_PLANTA, CANTIDAD) values (98,63,8,3);
insert into DETALLES_FACTURAS(COD_DETALLE, NRO_FACTURA, COD_PLANTA, CANTIDAD) values (99,64,7,1);
insert into DETALLES_FACTURAS(COD_DETALLE, NRO_FACTURA, COD_PLANTA, CANTIDAD) values (100,65,1,2);
insert into DETALLES_FACTURAS(COD_DETALLE, NRO_FACTURA, COD_PLANTA, CANTIDAD) values (101,66,2,1);
insert into DETALLES_FACTURAS(COD_DETALLE, NRO_FACTURA, COD_PLANTA, CANTIDAD) values (102,66,3,2);
insert into DETALLES_FACTURAS(COD_DETALLE, NRO_FACTURA, COD_PLANTA, CANTIDAD) values (103,67,8,5);
insert into DETALLES_FACTURAS(COD_DETALLE, NRO_FACTURA, COD_PLANTA, CANTIDAD) values (104,68,1,6);
insert into DETALLES_FACTURAS(COD_DETALLE, NRO_FACTURA, COD_PLANTA, CANTIDAD) values (105,69,2,7);
insert into DETALLES_FACTURAS(COD_DETALLE, NRO_FACTURA, COD_PLANTA, CANTIDAD) values (106,69,3,1);
insert into DETALLES_FACTURAS(COD_DETALLE, NRO_FACTURA, COD_PLANTA, CANTIDAD) values (107,69,4,1);
insert into DETALLES_FACTURAS(COD_DETALLE, NRO_FACTURA, COD_PLANTA, CANTIDAD) values (108,70,3,1);
insert into DETALLES_FACTURAS(COD_DETALLE, NRO_FACTURA, COD_PLANTA, CANTIDAD) values (109,71,1,5);
insert into DETALLES_FACTURAS(COD_DETALLE, NRO_FACTURA, COD_PLANTA, CANTIDAD) values (110,71,2,6);
insert into DETALLES_FACTURAS(COD_DETALLE, NRO_FACTURA, COD_PLANTA, CANTIDAD) values (111,72,7,2);
insert into DETALLES_FACTURAS(COD_DETALLE, NRO_FACTURA, COD_PLANTA, CANTIDAD) values (112,73,6,1);
insert into DETALLES_FACTURAS(COD_DETALLE, NRO_FACTURA, COD_PLANTA, CANTIDAD) values (113,74,1,1);
insert into DETALLES_FACTURAS(COD_DETALLE, NRO_FACTURA, COD_PLANTA, CANTIDAD) values (114,75,2,1);
insert into DETALLES_FACTURAS(COD_DETALLE, NRO_FACTURA, COD_PLANTA, CANTIDAD) values (115,76,3,8);
insert into DETALLES_FACTURAS(COD_DETALLE, NRO_FACTURA, COD_PLANTA, CANTIDAD) values (116,77,4,4);
insert into DETALLES_FACTURAS(COD_DETALLE, NRO_FACTURA, COD_PLANTA, CANTIDAD) values (117,77,6,3);
insert into DETALLES_FACTURAS(COD_DETALLE, NRO_FACTURA, COD_PLANTA, CANTIDAD) values (118,78,5,6);
insert into DETALLES_FACTURAS(COD_DETALLE, NRO_FACTURA, COD_PLANTA, CANTIDAD) values (119,78,5,1);
insert into DETALLES_FACTURAS(COD_DETALLE, NRO_FACTURA, COD_PLANTA, CANTIDAD) values (120,79,3,5);
insert into DETALLES_FACTURAS(COD_DETALLE, NRO_FACTURA, COD_PLANTA, CANTIDAD) values (121,80,5,4);
insert into DETALLES_FACTURAS(COD_DETALLE, NRO_FACTURA, COD_PLANTA, CANTIDAD) values (122,81,4,5);
insert into DETALLES_FACTURAS(COD_DETALLE, NRO_FACTURA, COD_PLANTA, CANTIDAD) values (123,81,12,7);
insert into DETALLES_FACTURAS(COD_DETALLE, NRO_FACTURA, COD_PLANTA, CANTIDAD) values (124,82,10,8);
insert into DETALLES_FACTURAS(COD_DETALLE, NRO_FACTURA, COD_PLANTA, CANTIDAD) values (125,83,1,7);
insert into DETALLES_FACTURAS(COD_DETALLE, NRO_FACTURA, COD_PLANTA, CANTIDAD) values (126,84,2,1);
insert into DETALLES_FACTURAS(COD_DETALLE, NRO_FACTURA, COD_PLANTA, CANTIDAD) values (127,85,5,4);
insert into DETALLES_FACTURAS(COD_DETALLE, NRO_FACTURA, COD_PLANTA, CANTIDAD) values (128,86,4,5);
insert into DETALLES_FACTURAS(COD_DETALLE, NRO_FACTURA, COD_PLANTA, CANTIDAD) values (129,87,12,7);
insert into DETALLES_FACTURAS(COD_DETALLE, NRO_FACTURA, COD_PLANTA, CANTIDAD) values (130,87,5,4);
insert into DETALLES_FACTURAS(COD_DETALLE, NRO_FACTURA, COD_PLANTA, CANTIDAD) values (131,88,4,5);
insert into DETALLES_FACTURAS(COD_DETALLE, NRO_FACTURA, COD_PLANTA, CANTIDAD) values (132,88,12,7);
insert into DETALLES_FACTURAS(COD_DETALLE, NRO_FACTURA, COD_PLANTA, CANTIDAD) values (133,88,1,6);
insert into DETALLES_FACTURAS(COD_DETALLE, NRO_FACTURA, COD_PLANTA, CANTIDAD) values (134,89,2,7);
insert into DETALLES_FACTURAS(COD_DETALLE, NRO_FACTURA, COD_PLANTA, CANTIDAD) values (135,89,3,10);
insert into DETALLES_FACTURAS(COD_DETALLE, NRO_FACTURA, COD_PLANTA, CANTIDAD) values (136,89,4,1);
insert into DETALLES_FACTURAS(COD_DETALLE, NRO_FACTURA, COD_PLANTA, CANTIDAD) values (137,90,3,10);
insert into DETALLES_FACTURAS(COD_DETALLE, NRO_FACTURA, COD_PLANTA, CANTIDAD) values (138,91,1,1);
insert into DETALLES_FACTURAS(COD_DETALLE, NRO_FACTURA, COD_PLANTA, CANTIDAD) values (139,91,2,1);
insert into DETALLES_FACTURAS(COD_DETALLE, NRO_FACTURA, COD_PLANTA, CANTIDAD) values (140,92,7,5);
insert into DETALLES_FACTURAS(COD_DETALLE, NRO_FACTURA, COD_PLANTA, CANTIDAD) values (141,93,6,1);
insert into DETALLES_FACTURAS(COD_DETALLE, NRO_FACTURA, COD_PLANTA, CANTIDAD) values (142,94,1,5);
insert into DETALLES_FACTURAS(COD_DETALLE, NRO_FACTURA, COD_PLANTA, CANTIDAD) values (143,95,2,1);
insert into DETALLES_FACTURAS(COD_DETALLE, NRO_FACTURA, COD_PLANTA, CANTIDAD) values (144,96,3,1);
insert into DETALLES_FACTURAS(COD_DETALLE, NRO_FACTURA, COD_PLANTA, CANTIDAD) values (145,97,4,1);
insert into DETALLES_FACTURAS(COD_DETALLE, NRO_FACTURA, COD_PLANTA, CANTIDAD) values (146,97,6,8);
insert into DETALLES_FACTURAS(COD_DETALLE, NRO_FACTURA, COD_PLANTA, CANTIDAD) values (147,98,5,5);
insert into DETALLES_FACTURAS(COD_DETALLE, NRO_FACTURA, COD_PLANTA, CANTIDAD) values (148,98,5,1);
insert into DETALLES_FACTURAS(COD_DETALLE, NRO_FACTURA, COD_PLANTA, CANTIDAD) values (149,99,3,1);
insert into DETALLES_FACTURAS(COD_DETALLE, NRO_FACTURA, COD_PLANTA, CANTIDAD) values (150,100,5,4);
insert into DETALLES_FACTURAS(COD_DETALLE, NRO_FACTURA, COD_PLANTA, CANTIDAD) values (151,101,4,5);
insert into DETALLES_FACTURAS(COD_DETALLE, NRO_FACTURA, COD_PLANTA, CANTIDAD) values (152,101,12,7);
insert into DETALLES_FACTURAS(COD_DETALLE, NRO_FACTURA, COD_PLANTA, CANTIDAD) values (153,102,10,8);
insert into DETALLES_FACTURAS(COD_DETALLE, NRO_FACTURA, COD_PLANTA, CANTIDAD) values (154,103,1,7);
insert into DETALLES_FACTURAS(COD_DETALLE, NRO_FACTURA, COD_PLANTA, CANTIDAD) values (155,104,2,1);
insert into DETALLES_FACTURAS(COD_DETALLE, NRO_FACTURA, COD_PLANTA, CANTIDAD) values (156,105,5,4);
insert into DETALLES_FACTURAS(COD_DETALLE, NRO_FACTURA, COD_PLANTA, CANTIDAD) values (157,106,4,5);
insert into DETALLES_FACTURAS(COD_DETALLE, NRO_FACTURA, COD_PLANTA, CANTIDAD) values (158,107,12,7);
insert into DETALLES_FACTURAS(COD_DETALLE, NRO_FACTURA, COD_PLANTA, CANTIDAD) values (159,107,5,4);
insert into DETALLES_FACTURAS(COD_DETALLE, NRO_FACTURA, COD_PLANTA, CANTIDAD) values (160,108,4,5);
insert into DETALLES_FACTURAS(COD_DETALLE, NRO_FACTURA, COD_PLANTA, CANTIDAD) values (161,108,12,7);
insert into DETALLES_FACTURAS(COD_DETALLE, NRO_FACTURA, COD_PLANTA, CANTIDAD) values (162,109,5,4);
insert into DETALLES_FACTURAS(COD_DETALLE, NRO_FACTURA, COD_PLANTA, CANTIDAD) values (163,109,4,5);
insert into DETALLES_FACTURAS(COD_DETALLE, NRO_FACTURA, COD_PLANTA, CANTIDAD) values (164,110,12,7);
insert into DETALLES_FACTURAS(COD_DETALLE, NRO_FACTURA, COD_PLANTA, CANTIDAD) values (165,111,10,8);
insert into DETALLES_FACTURAS(COD_DETALLE, NRO_FACTURA, COD_PLANTA, CANTIDAD) values (166,112,1,7);
insert into DETALLES_FACTURAS(COD_DETALLE, NRO_FACTURA, COD_PLANTA, CANTIDAD) values (167,112,2,1);
insert into DETALLES_FACTURAS(COD_DETALLE, NRO_FACTURA, COD_PLANTA, CANTIDAD) values (168,113,5,4);
insert into DETALLES_FACTURAS(COD_DETALLE, NRO_FACTURA, COD_PLANTA, CANTIDAD) values (169,114,4,5);
insert into DETALLES_FACTURAS(COD_DETALLE, NRO_FACTURA, COD_PLANTA, CANTIDAD) values (170,115,12,7);
insert into DETALLES_FACTURAS(COD_DETALLE, NRO_FACTURA, COD_PLANTA, CANTIDAD) values (171,116,10,8);
insert into DETALLES_FACTURAS(COD_DETALLE, NRO_FACTURA, COD_PLANTA, CANTIDAD) values (172,116,1,7);
insert into DETALLES_FACTURAS(COD_DETALLE, NRO_FACTURA, COD_PLANTA, CANTIDAD) values (173,116,2,1);
insert into DETALLES_FACTURAS(COD_DETALLE, NRO_FACTURA, COD_PLANTA, CANTIDAD) values (174,117,12,7);
insert into DETALLES_FACTURAS(COD_DETALLE, NRO_FACTURA, COD_PLANTA, CANTIDAD) values (175,117,5,4);
insert into DETALLES_FACTURAS(COD_DETALLE, NRO_FACTURA, COD_PLANTA, CANTIDAD) values (176,118,14,5);
insert into DETALLES_FACTURAS(COD_DETALLE, NRO_FACTURA, COD_PLANTA, CANTIDAD) values (177,118,2,1);
insert into DETALLES_FACTURAS(COD_DETALLE, NRO_FACTURA, COD_PLANTA, CANTIDAD) values (178,119,5,1);
insert into DETALLES_FACTURAS(COD_DETALLE, NRO_FACTURA, COD_PLANTA, CANTIDAD) values (179,119,4,5);
insert into DETALLES_FACTURAS(COD_DETALLE, NRO_FACTURA, COD_PLANTA, CANTIDAD) values (180,120,12,5);
insert into DETALLES_FACTURAS(COD_DETALLE, NRO_FACTURA, COD_PLANTA, CANTIDAD) values (181,120,10,1);
insert into DETALLES_FACTURAS(COD_DETALLE, NRO_FACTURA, COD_PLANTA, CANTIDAD) values (182,121,11,7);
insert into DETALLES_FACTURAS(COD_DETALLE, NRO_FACTURA, COD_PLANTA, CANTIDAD) values (183,122,12,1);
insert into DETALLES_FACTURAS(COD_DETALLE, NRO_FACTURA, COD_PLANTA, CANTIDAD) values (184,123,15,2);
insert into DETALLES_FACTURAS(COD_DETALLE, NRO_FACTURA, COD_PLANTA, CANTIDAD) values (185,123,4,5);
insert into DETALLES_FACTURAS(COD_DETALLE, NRO_FACTURA, COD_PLANTA, CANTIDAD) values (186,124,1,2);
insert into DETALLES_FACTURAS(COD_DETALLE, NRO_FACTURA, COD_PLANTA, CANTIDAD) values (187,125,10,3);
insert into DETALLES_FACTURAS(COD_DETALLE, NRO_FACTURA, COD_PLANTA, CANTIDAD) values (188,126,12,4);
insert into DETALLES_FACTURAS(COD_DETALLE, NRO_FACTURA, COD_PLANTA, CANTIDAD) values (189,126,8,3);
insert into DETALLES_FACTURAS(COD_DETALLE, NRO_FACTURA, COD_PLANTA, CANTIDAD) values (190,127,4,1);
insert into DETALLES_FACTURAS(COD_DETALLE, NRO_FACTURA, COD_PLANTA, CANTIDAD) values (191,127,2,5);
insert into DETALLES_FACTURAS(COD_DETALLE, NRO_FACTURA, COD_PLANTA, CANTIDAD) values (192,127,12,1);
insert into DETALLES_FACTURAS(COD_DETALLE, NRO_FACTURA, COD_PLANTA, CANTIDAD) values (193,128,13,1);
insert into DETALLES_FACTURAS(COD_DETALLE, NRO_FACTURA, COD_PLANTA, CANTIDAD) values (194,128,1,4);
insert into DETALLES_FACTURAS(COD_DETALLE, NRO_FACTURA, COD_PLANTA, CANTIDAD) values (195,129,7,6);
insert into DETALLES_FACTURAS(COD_DETALLE, NRO_FACTURA, COD_PLANTA, CANTIDAD) values (196,129,9,3);
insert into DETALLES_FACTURAS(COD_DETALLE, NRO_FACTURA, COD_PLANTA, CANTIDAD) values (197,129,8,11);
insert into DETALLES_FACTURAS(COD_DETALLE, NRO_FACTURA, COD_PLANTA, CANTIDAD) values (198,129,6,10);
insert into DETALLES_FACTURAS(COD_DETALLE, NRO_FACTURA, COD_PLANTA, CANTIDAD) values (199,130,4,9);
insert into DETALLES_FACTURAS(COD_DETALLE, NRO_FACTURA, COD_PLANTA, CANTIDAD) values (200,131,9,1);
insert into DETALLES_FACTURAS(COD_DETALLE, NRO_FACTURA, COD_PLANTA, CANTIDAD) values (201,131,10,2);
insert into DETALLES_FACTURAS(COD_DETALLE, NRO_FACTURA, COD_PLANTA, CANTIDAD) values (202,132,12,3);
insert into DETALLES_FACTURAS(COD_DETALLE, NRO_FACTURA, COD_PLANTA, CANTIDAD) values (203,133,11,2);
insert into DETALLES_FACTURAS(COD_DETALLE, NRO_FACTURA, COD_PLANTA, CANTIDAD) values (204,134,12,2);
insert into DETALLES_FACTURAS(COD_DETALLE, NRO_FACTURA, COD_PLANTA, CANTIDAD) values (205,135,9,1);
insert into DETALLES_FACTURAS(COD_DETALLE, NRO_FACTURA, COD_PLANTA, CANTIDAD) values (206,136,12,1);
insert into DETALLES_FACTURAS(COD_DETALLE, NRO_FACTURA, COD_PLANTA, CANTIDAD) values (207,136,14,2);


#SET @FechaTiempo= GETDATE()

SELECT C.APELLIDO, C.NOMBRE, CA.NOMBRE 'CALLE', C.ALTURA
FROM CLIENTES C, CALLES CA
WHERE C.COD_CALLE=CA.COD_CALLE
AND C.COD_CLIENTE BETWEEN 5 AND 8;

SELECT * FROM FACTURAS F, FORMAS_PAGO FP WHERE F.COD_FORMA_PAGO = FP.COD_FORMA_PAGO AND FP.DESCRIPCION = 'EFECTIVO' ORDER BY F.COD_CLIENTE;

SELECT * FROM PLANTAS P, TIPOS_PLANTAS TP WHERE P.COD_PLANTA = TP.COD_TIPO_PLANTA AND TP.NOMBRE='FLORES'; 

SELECT * FROM PLANTAS P, TIPOS_PLANTAS TP WHERE P.COD_TIPO_PLANTA = TP.COD_TIPO_PLANTA AND TP.NOMBRE='FLORES';
